"","Country area or territory","Surveillance site type","Year-week (ISO 8601 calendar)","Week start date (ISO 8601 calendar)","Specimen tested","Influenza positive","Influenza negative","A (H1N1)pdm09","A (H3)","A not subtyped","B (Victoria)","B (Yamagata)","B (lineage not determined)"
"1","Malaysia","Non-sentinel","2019-44",2019-10-28,27,1,26,NA,NA,1,NA,NA,NA
"2","Malaysia","Non-sentinel","2020-01",2019-12-30,45,5,40,NA,NA,5,NA,NA,NA
"3","Malaysia","Non-sentinel","2020-02",2020-01-06,55,13,42,NA,NA,11,NA,NA,2
"4","Malaysia","Non-sentinel","2020-03",2020-01-13,56,13,43,NA,NA,12,NA,NA,1
"5","Malaysia","Non-sentinel","2020-04",2020-01-20,66,9,57,NA,NA,9,NA,NA,NA
"6","Malaysia","Non-sentinel","2020-05",2020-01-27,62,3,59,NA,NA,3,NA,NA,NA
"7","Malaysia","Non-sentinel","2020-06",2020-02-03,37,2,35,NA,NA,2,NA,NA,NA
"8","Malaysia","Non-sentinel","2020-07",2020-02-10,40,1,39,NA,NA,1,NA,NA,NA
"9","Malaysia","Non-sentinel","2020-09",2020-02-24,49,3,46,NA,NA,3,NA,NA,NA
"10","Malaysia","Non-sentinel","2020-10",2020-03-02,43,3,40,NA,NA,3,NA,NA,NA
"11","Malaysia","Non-sentinel","2020-12",2020-03-16,39,1,38,NA,NA,1,NA,NA,NA
"12","Malaysia","Non-sentinel","2020-14",2020-03-30,22,1,21,NA,NA,1,NA,NA,NA
"13","Malaysia","Non-sentinel","2022-01",2022-01-03,29,1,28,0,0,1,NA,NA,0
"14","Malaysia","Non-sentinel","2022-02",2022-01-10,37,0,37,0,0,0,NA,NA,0
"15","Malaysia","Non-sentinel","2022-03",2022-01-17,44,0,44,0,0,0,NA,NA,0
"16","Malaysia","Non-sentinel","2022-04",2022-01-24,55,0,55,0,0,0,NA,NA,0
"17","Malaysia","Non-sentinel","2022-05",2022-01-31,49,0,49,0,0,0,NA,NA,0
"18","Malaysia","Non-sentinel","2022-06",2022-02-07,38,1,37,0,0,1,NA,NA,0
"19","Malaysia","Non-sentinel","2022-07",2022-02-14,41,0,41,0,0,0,NA,NA,0
"20","Malaysia","Non-sentinel","2022-08",2022-02-21,43,0,43,0,0,0,NA,NA,0
"21","Malaysia","Non-sentinel","2022-09",2022-02-28,31,0,31,0,0,0,NA,NA,0
"22","Malaysia","Non-sentinel","2022-10",2022-03-07,22,0,22,0,0,0,NA,NA,0
"23","Malaysia","Non-sentinel","2022-11",2022-03-14,36,0,36,0,0,0,NA,NA,0
"24","Malaysia","Non-sentinel","2022-12",2022-03-21,33,0,33,0,0,0,NA,NA,0
"25","Malaysia","Non-sentinel","2022-13",2022-03-28,25,0,25,0,0,0,NA,NA,0
"26","Malaysia","Non-sentinel","2022-14",2022-04-04,27,0,27,0,0,0,NA,NA,0
"27","Malaysia","Non-sentinel","2022-15",2022-04-11,29,0,29,0,0,0,NA,NA,0
"28","Malaysia","Non-sentinel","2022-16",2022-04-18,27,0,27,0,0,0,NA,NA,0
"29","Malaysia","Non-sentinel","2022-17",2022-04-25,44,0,44,0,0,0,NA,NA,0
"30","Malaysia","Non-sentinel","2022-18",2022-05-02,26,0,26,0,0,0,NA,NA,0
"31","Malaysia","Non-sentinel","2022-19",2022-05-09,37,0,37,0,0,0,NA,NA,0
"32","Malaysia","Non-sentinel","2022-20",2022-05-16,56,0,56,0,0,0,NA,NA,0
"33","Malaysia","Non-sentinel","2022-21",2022-05-23,49,0,49,0,0,0,NA,NA,0
"34","Malaysia","Non-sentinel","2022-22",2022-05-30,46,1,45,0,0,1,NA,NA,0
"35","Malaysia","Non-sentinel","2022-23",2022-06-06,51,0,51,0,0,0,NA,NA,0
"36","Malaysia","Non-sentinel","2022-24",2022-06-13,66,0,66,0,0,0,NA,NA,0
"37","Malaysia","Non-sentinel","2022-25",2022-06-20,66,1,65,0,0,1,NA,NA,0
"38","Malaysia","Non-sentinel","2022-26",2022-06-27,78,1,77,0,0,1,NA,NA,0
"39","Malaysia","Non-sentinel","2022-27",2022-07-04,90,2,88,0,0,2,NA,NA,0
"40","Malaysia","Non-sentinel","2022-28",2022-07-11,74,3,71,0,0,3,NA,NA,0
"41","Malaysia","Non-sentinel","2022-29",2022-07-18,110,16,94,0,0,16,NA,NA,0
"42","Malaysia","Non-sentinel","2022-30",2022-07-25,89,9,80,0,0,9,NA,NA,0
"43","Malaysia","Non-sentinel","2022-31",2022-08-01,81,4,77,0,0,4,NA,NA,0
"44","Malaysia","Non-sentinel","2022-32",2022-08-08,71,4,67,0,0,4,NA,NA,0
"45","Malaysia","Non-sentinel","2022-33",2022-08-15,108,5,103,0,0,4,NA,NA,1
"46","Malaysia","Non-sentinel","2022-34",2022-08-22,79,1,78,0,0,1,NA,NA,0
"47","Malaysia","Non-sentinel","2022-35",2022-08-29,82,2,80,0,0,2,NA,NA,0
"48","Malaysia","Non-sentinel","2022-36",2022-09-05,88,2,86,0,0,2,NA,NA,0
"49","Malaysia","Non-sentinel","2022-37",2022-09-12,92,0,92,0,0,0,NA,NA,0
"50","Malaysia","Non-sentinel","2022-38",2022-09-19,73,1,72,0,0,1,NA,NA,0
"51","Malaysia","Non-sentinel","2022-39",2022-09-26,87,1,86,0,0,1,NA,NA,0
"52","Malaysia","Non-sentinel","2022-40",2022-10-03,70,0,70,0,0,0,NA,NA,0
"53","Malaysia","Non-sentinel","2022-41",2022-10-10,75,1,74,0,0,1,NA,NA,0
"54","Malaysia","Non-sentinel","2022-42",2022-10-17,74,1,73,0,0,0,NA,NA,1
"55","Malaysia","Non-sentinel","2022-43",2022-10-24,71,1,70,0,0,1,NA,NA,0
"56","Malaysia","Non-sentinel","2022-44",2022-10-31,69,0,69,0,0,0,NA,NA,0
"57","Malaysia","Non-sentinel","2022-45",2022-11-07,93,1,92,0,0,1,NA,NA,0
"58","Malaysia","Non-sentinel","2022-46",2022-11-14,92,0,92,0,0,0,NA,NA,0
"59","Malaysia","Non-sentinel","2022-47",2022-11-21,98,0,98,0,0,0,NA,NA,0
"60","Malaysia","Non-sentinel","2022-48",2022-11-28,77,0,77,0,0,0,NA,NA,0
"61","Malaysia","Non-sentinel","2022-49",2022-12-05,79,0,79,0,0,0,NA,NA,0
"62","Malaysia","Non-sentinel","2022-50",2022-12-12,82,2,80,0,0,0,NA,NA,2
"63","Malaysia","Non-sentinel","2022-51",2022-12-19,94,4,90,0,0,1,NA,NA,3
"64","Malaysia","Non-sentinel","2022-52",2022-12-26,96,2,94,0,0,1,NA,NA,1
"65","Malaysia","Non-sentinel","2023-01",2023-01-02,87,4,83,0,0,0,NA,NA,4
"66","Malaysia","Non-sentinel","2023-02",2023-01-09,103,2,101,0,0,1,NA,NA,1
"67","Malaysia","Non-sentinel","2023-03",2023-01-16,82,1,81,0,0,1,NA,NA,0
"68","Malaysia","Non-sentinel","2023-04",2023-01-23,112,1,111,0,0,1,NA,NA,0
"69","Malaysia","Non-sentinel","2023-05",2023-01-30,126,0,126,0,0,0,NA,NA,0
"70","Malaysia","Non-sentinel","2023-06",2023-02-06,108,2,106,0,0,1,NA,NA,1
"71","Malaysia","Non-sentinel","2023-07",2023-02-13,119,1,118,0,0,1,NA,NA,0
"72","Malaysia","Non-sentinel","2023-08",2023-02-20,99,3,96,0,0,3,NA,NA,0
"73","Malaysia","Non-sentinel","2023-09",2023-02-27,80,6,74,0,0,3,NA,NA,3
"74","Malaysia","Non-sentinel","2023-10",2023-03-06,73,2,71,0,0,2,NA,NA,0
"75","Malaysia","Non-sentinel","2023-11",2023-03-13,83,1,82,0,0,0,NA,NA,1
"76","Malaysia","Non-sentinel","2023-12",2023-03-20,62,2,60,0,0,1,NA,NA,1
"77","Malaysia","Non-sentinel","2023-13",2023-03-27,75,3,72,0,0,3,NA,NA,0
"78","Malaysia","Non-sentinel","2023-14",2023-04-03,56,4,52,0,0,4,NA,NA,0
"79","Malaysia","Non-sentinel","2023-15",2023-04-10,63,0,63,0,0,0,NA,NA,0
"80","Malaysia","Non-sentinel","2023-16",2023-04-17,57,4,53,0,0,4,NA,NA,0
"81","Malaysia","Non-sentinel","2023-17",2023-04-24,57,2,55,0,0,2,NA,NA,0
"82","Malaysia","Non-sentinel","2023-18",2023-05-01,61,3,58,0,0,3,NA,NA,0
"83","Malaysia","Non-sentinel","2023-19",2023-05-08,76,2,74,2,0,0,NA,NA,0
"84","Malaysia","Non-sentinel","2023-20",2023-05-15,166,7,159,5,2,0,NA,NA,0
"85","Malaysia","Non-sentinel","2023-21",2023-05-22,128,9,119,2,3,4,NA,NA,0
"86","Malaysia","Non-sentinel","2023-22",2023-05-29,132,4,128,2,2,0,NA,NA,0
"87","Malaysia","Non-sentinel","2023-23",2023-06-05,177,15,162,6,8,1,NA,NA,0
"88","Malaysia","Non-sentinel","2023-24",2023-06-12,175,8,167,3,5,0,NA,NA,0
"89","Malaysia","Non-sentinel","2023-25",2023-06-19,168,11,157,3,8,0,NA,NA,0
"90","Malaysia","Non-sentinel","2023-26",2023-06-26,146,12,134,8,4,0,NA,NA,0
"91","Malaysia","Non-sentinel","2023-27",2023-07-03,143,10,133,5,5,0,NA,NA,0
"92","Malaysia","Non-sentinel","2023-28",2023-07-10,181,13,168,5,8,0,NA,NA,0
"93","Malaysia","Non-sentinel","2023-29",2023-07-17,184,17,167,6,11,0,NA,NA,0
"94","Malaysia","Non-sentinel","2023-30",2023-07-24,275,35,240,20,14,1,NA,NA,0
"95","Malaysia","Non-sentinel","2023-31",2023-07-31,271,31,240,19,12,0,NA,NA,0
"96","Malaysia","Non-sentinel","2023-32",2023-08-07,195,17,178,10,7,0,NA,NA,0
"97","Malaysia","Non-sentinel","2023-33",2023-08-14,274,33,241,23,10,0,NA,NA,0
"98","Malaysia","Non-sentinel","2023-34",2023-08-21,233,19,214,10,9,0,NA,NA,0
"99","Malaysia","Non-sentinel","2023-35",2023-08-28,254,16,238,7,9,0,NA,NA,0
"100","Malaysia","Non-sentinel","2023-36",2023-09-04,268,22,246,12,9,1,NA,NA,0
"101","Malaysia","Non-sentinel","2023-37",2023-09-11,96,12,84,6,6,0,NA,NA,0
"102","Malaysia","Non-sentinel","2023-38",2023-09-18,137,28,109,19,7,1,NA,NA,1
"103","Malaysia","Non-sentinel","2023-39",2023-09-25,126,20,106,9,11,0,NA,NA,0
"104","Malaysia","Non-sentinel","2023-40",2023-10-02,148,19,129,10,8,0,NA,NA,1
"105","Malaysia","Non-sentinel","2023-41",2023-10-09,139,20,119,7,13,0,NA,NA,0
"106","Malaysia","Non-sentinel","2023-42",2023-10-16,113,14,99,7,5,1,NA,NA,1
"107","Malaysia","Non-sentinel","2023-43",2023-10-23,127,9,118,6,2,0,NA,NA,1
"108","Malaysia","Non-sentinel","2023-44",2023-10-30,141,13,128,3,10,0,NA,NA,0
"109","Malaysia","Non-sentinel","2023-45",2023-11-06,134,13,121,3,7,1,NA,NA,2
"110","Malaysia","Non-sentinel","2023-46",2023-11-13,135,16,119,4,10,0,NA,NA,2
"111","Malaysia","Non-sentinel","2023-47",2023-11-20,41,5,36,1,2,0,NA,NA,2
"112","Malaysia","Non-sentinel","2023-48",2023-11-27,16,3,13,0,3,0,NA,NA,0
"113","Malaysia","Non-sentinel","2023-49",2023-12-04,35,8,27,4,4,0,NA,NA,0
"114","Malaysia","Non-sentinel","2023-50",2023-12-11,49,9,40,3,5,1,NA,NA,0
"115","Malaysia","Non-sentinel","2023-51",2023-12-18,43,6,37,1,4,0,NA,NA,1
"116","Malaysia","Non-sentinel","2023-52",2023-12-25,36,7,29,2,5,0,NA,NA,0
"117","Malaysia","Non-sentinel","2024-01",2024-01-01,58,6,52,1,5,0,NA,NA,0
"118","Malaysia","Non-sentinel","2024-02",2024-01-08,40,1,39,0,1,0,NA,NA,0
"119","Malaysia","Non-sentinel","2024-03",2024-01-15,45,9,36,1,7,0,NA,NA,1
"120","Malaysia","Non-sentinel","2024-04",2024-01-22,46,2,44,2,0,0,NA,NA,0
"121","Malaysia","Non-sentinel","2024-05",2024-01-29,60,9,51,2,4,0,NA,NA,3
"122","Malaysia","Non-sentinel","2024-06",2024-02-05,58,3,55,1,2,0,NA,NA,0
"123","Malaysia","Non-sentinel","2024-07",2024-02-12,21,0,21,0,0,0,NA,NA,0
"124","Malaysia","Non-sentinel","2024-08",2024-02-19,67,4,63,1,2,1,NA,NA,0
"125","Malaysia","Non-sentinel","2024-09",2024-02-26,72,10,62,1,8,0,NA,NA,1
"126","Malaysia","Non-sentinel","2024-10",2024-03-04,79,9,70,1,4,1,NA,NA,3
"127","Malaysia","Non-sentinel","2024-11",2024-03-11,60,4,56,0,2,0,NA,NA,2
"128","Malaysia","Non-sentinel","2024-12",2024-03-18,76,8,68,1,6,1,NA,NA,0
"129","Malaysia","Non-sentinel","2024-13",2024-03-25,66,6,60,2,2,0,NA,NA,2
"130","Malaysia","Non-sentinel","2024-14",2024-04-01,70,7,63,1,3,1,NA,NA,2
"131","Malaysia","Non-sentinel","2024-15",2024-04-08,46,1,45,0,1,0,NA,NA,0
"132","Malaysia","Non-sentinel","2024-16",2024-04-15,71,7,64,2,2,0,NA,NA,3
"133","Malaysia","Non-sentinel","2024-17",2024-04-22,74,11,63,6,3,1,NA,NA,1
"134","Malaysia","Non-sentinel","2024-18",2024-04-29,97,10,87,4,4,0,NA,NA,2
"135","Malaysia","Non-sentinel","2024-19",2024-05-06,101,15,86,4,7,0,NA,NA,4
"136","Malaysia","Non-sentinel","2024-20",2024-05-13,108,17,91,6,7,1,NA,NA,3
"137","Malaysia","Non-sentinel","2024-21",2024-05-20,112,14,98,4,8,0,NA,NA,2
"138","Malaysia","Non-sentinel","2024-22",2024-05-27,65,7,58,2,4,0,NA,NA,1
"139","Malaysia","Non-sentinel","2024-23",2024-06-03,80,12,68,5,7,0,NA,NA,0
"140","Malaysia","Non-sentinel","2024-24",2024-06-10,75,12,63,7,2,0,NA,NA,3
"141","Malaysia","Non-sentinel","2024-25",2024-06-17,85,19,66,6,11,0,NA,NA,2
"142","Malaysia","Non-sentinel","2024-26",2024-06-24,109,17,92,4,6,0,NA,NA,7
"143","Malaysia","Non-sentinel","2024-27",2024-07-01,110,18,92,5,10,0,NA,NA,3
"144","Malaysia","Non-sentinel","2024-28",2024-07-08,67,8,59,2,2,0,NA,NA,4
"145","Malaysia","Non-sentinel","2024-29",2024-07-15,114,18,96,8,7,0,NA,NA,3
"146","Malaysia","Non-sentinel","2024-30",2024-07-22,38,4,34,1,1,1,NA,NA,1
"147","Malaysia","Non-sentinel","2024-31",2024-07-29,0,0,0,0,0,0,NA,NA,0
"148","Malaysia","Non-sentinel","2024-32",2024-08-05,0,0,0,0,0,0,NA,NA,0
"149","Malaysia","Non-sentinel","2024-33",2024-08-12,41,6,35,0,4,0,NA,NA,2
"150","Malaysia","Non-sentinel","2024-34",2024-08-19,57,7,50,2,3,0,NA,NA,2
"151","Malaysia","Not defined","2017-01",2017-01-02,99,11,88,0,6,0,0,0,5
"152","Malaysia","Not defined","2017-02",2017-01-09,120,12,108,0,3,0,0,0,9
"153","Malaysia","Not defined","2017-03",2017-01-16,119,16,103,2,2,0,0,0,12
"154","Malaysia","Not defined","2017-04",2017-01-23,131,13,118,2,2,0,0,0,9
"155","Malaysia","Not defined","2017-05",2017-01-30,114,10,104,2,4,0,0,0,4
"156","Malaysia","Not defined","2017-06",2017-02-06,124,13,111,3,1,0,0,1,8
"157","Malaysia","Not defined","2017-07",2017-02-13,136,19,117,3,8,0,1,0,7
"158","Malaysia","Not defined","2017-08",2017-02-20,126,12,114,1,4,0,0,0,7
"159","Malaysia","Not defined","2017-09",2017-02-27,118,15,103,4,3,0,0,0,8
"160","Malaysia","Not defined","2017-10",2017-03-06,99,11,88,2,2,0,0,0,7
"161","Malaysia","Not defined","2017-11",2017-03-13,105,16,89,6,2,0,0,0,8
"162","Malaysia","Not defined","2017-12",2017-03-20,120,20,100,8,5,0,0,0,7
"163","Malaysia","Not defined","2017-13",2017-03-27,76,15,61,4,2,0,NA,NA,9
"164","Malaysia","Not defined","2017-14",2017-04-03,96,9,87,2,1,0,NA,NA,6
"165","Malaysia","Not defined","2017-15",2017-04-10,97,23,74,11,1,1,NA,NA,10
"166","Malaysia","Not defined","2017-16",2017-04-17,114,18,96,8,3,1,NA,NA,6
"167","Malaysia","Not defined","2017-17",2017-04-24,89,13,76,3,1,0,NA,NA,9
"168","Malaysia","Not defined","2017-18",2017-05-01,89,16,73,7,5,0,NA,NA,4
"169","Malaysia","Not defined","2017-19",2017-05-08,96,13,83,9,1,0,NA,NA,3
"170","Malaysia","Not defined","2017-20",2017-05-15,97,15,82,7,5,0,NA,NA,3
"171","Malaysia","Not defined","2017-21",2017-05-22,96,18,78,11,2,0,NA,NA,5
"172","Malaysia","Not defined","2017-22",2017-05-29,95,19,76,12,5,0,NA,NA,2
"173","Malaysia","Not defined","2017-23",2017-06-05,78,16,62,8,3,0,NA,NA,5
"174","Malaysia","Not defined","2017-24",2017-06-12,80,12,68,7,2,1,NA,NA,2
"175","Malaysia","Not defined","2017-25",2017-06-19,79,11,68,3,5,0,NA,NA,3
"176","Malaysia","Not defined","2017-26",2017-06-26,34,5,29,1,2,2,NA,NA,0
"177","Malaysia","Not defined","2017-27",2017-07-03,107,18,89,7,9,1,NA,NA,1
"178","Malaysia","Not defined","2017-28",2017-07-10,93,13,80,5,6,1,NA,NA,1
"179","Malaysia","Not defined","2017-29",2017-07-17,81,13,68,1,3,8,NA,NA,1
"180","Malaysia","Not defined","2017-30",2017-07-24,92,12,80,3,2,5,NA,NA,2
"181","Malaysia","Not defined","2017-31",2017-07-31,105,7,98,2,4,0,NA,NA,1
"182","Malaysia","Not defined","2017-32",2017-08-07,90,12,78,4,4,0,NA,NA,4
"183","Malaysia","Not defined","2017-33",2017-08-14,95,10,85,6,3,0,NA,NA,1
"184","Malaysia","Not defined","2017-34",2017-08-21,94,14,80,3,6,1,NA,NA,4
"185","Malaysia","Not defined","2017-35",2017-08-28,61,7,54,2,3,0,NA,NA,2
"186","Malaysia","Not defined","2017-36",2017-09-04,76,4,72,1,0,3,NA,NA,0
"187","Malaysia","Not defined","2017-37",2017-09-11,93,3,90,1,0,1,NA,NA,1
"188","Malaysia","Not defined","2017-38",2017-09-18,90,9,81,2,0,6,NA,NA,1
"189","Malaysia","Not defined","2017-39",2017-09-25,91,11,80,2,2,4,NA,NA,3
"190","Malaysia","Not defined","2017-40",2017-10-02,102,8,94,3,4,0,NA,NA,1
"191","Malaysia","Not defined","2017-41",2017-10-09,90,8,82,2,4,0,NA,NA,2
"192","Malaysia","Not defined","2017-42",2017-10-16,72,5,67,1,3,0,NA,NA,1
"193","Malaysia","Not defined","2017-43",2017-10-23,83,13,70,5,4,0,NA,NA,4
"194","Malaysia","Not defined","2017-44",2017-10-30,94,15,79,9,6,0,NA,NA,0
"195","Malaysia","Not defined","2017-45",2017-11-06,75,11,64,3,3,0,NA,NA,5
"196","Malaysia","Not defined","2017-46",2017-11-13,115,12,103,9,2,0,NA,NA,1
"197","Malaysia","Not defined","2017-47",2017-11-20,97,12,85,5,3,0,NA,NA,4
"198","Malaysia","Not defined","2017-48",2017-11-27,89,15,74,6,2,4,NA,NA,3
"199","Malaysia","Not defined","2017-49",2017-12-04,84,20,64,9,7,2,NA,NA,2
"200","Malaysia","Not defined","2017-50",2017-12-11,98,13,85,7,5,0,NA,NA,1
"201","Malaysia","Not defined","2017-51",2017-12-18,87,22,65,10,5,1,NA,NA,6
"202","Malaysia","Not defined","2017-52",2017-12-25,65,4,61,4,0,0,NA,NA,0
"203","Malaysia","Not defined","2018-01",2018-01-01,88,8,80,3,2,0,NA,NA,3
"204","Malaysia","Not defined","2018-02",2018-01-08,121,17,104,9,4,0,NA,NA,4
"205","Malaysia","Not defined","2018-03",2018-01-15,100,17,83,10,3,0,NA,NA,4
"206","Malaysia","Not defined","2018-04",2018-01-22,102,20,82,12,4,0,NA,NA,4
"207","Malaysia","Not defined","2018-05",2018-01-29,82,13,69,6,2,0,NA,NA,5
"208","Malaysia","Not defined","2018-06",2018-02-05,102,28,74,12,2,0,NA,NA,14
"209","Malaysia","Not defined","2018-07",2018-02-12,88,14,74,8,0,0,NA,NA,6
"210","Malaysia","Not defined","2018-08",2018-02-19,84,12,72,9,3,0,NA,NA,0
"211","Malaysia","Not defined","2018-09",2018-02-26,94,21,73,8,2,0,NA,NA,11
"212","Malaysia","Not defined","2018-10",2018-03-05,105,31,74,12,7,1,NA,NA,11
"213","Malaysia","Not defined","2018-11",2018-03-12,94,26,68,16,1,0,NA,NA,9
"214","Malaysia","Not defined","2018-12",2018-03-19,88,9,79,3,1,0,NA,NA,5
"215","Malaysia","Not defined","2018-13",2018-03-26,86,13,73,5,4,2,NA,NA,2
"216","Malaysia","Not defined","2018-14",2018-04-02,96,7,89,0,0,0,NA,NA,7
"217","Malaysia","Not defined","2018-15",2018-04-09,66,2,64,1,0,0,NA,NA,1
"218","Malaysia","Not defined","2018-16",2018-04-16,62,1,61,0,0,0,NA,NA,1
"219","Malaysia","Not defined","2018-17",2018-04-23,70,6,64,5,0,0,NA,NA,1
"220","Malaysia","Not defined","2018-18",2018-04-30,74,11,63,3,1,0,NA,NA,7
"221","Malaysia","Not defined","2018-19",2018-05-07,52,5,47,2,0,0,NA,NA,3
"222","Malaysia","Not defined","2018-20",2018-05-14,84,1,83,0,1,0,NA,NA,0
"223","Malaysia","Not defined","2018-21",2018-05-21,88,6,82,0,0,0,NA,NA,6
"224","Malaysia","Not defined","2018-22",2018-05-28,73,6,67,3,1,0,NA,NA,2
"225","Malaysia","Not defined","2018-23",2018-06-04,88,6,82,1,1,0,NA,NA,4
"226","Malaysia","Not defined","2018-24",2018-06-11,45,5,40,2,1,0,NA,NA,2
"227","Malaysia","Not defined","2018-25",2018-06-18,65,2,63,1,0,0,NA,NA,1
"228","Malaysia","Not defined","2018-26",2018-06-25,91,3,88,1,0,0,NA,NA,2
"229","Malaysia","Not defined","2018-27",2018-07-02,81,3,78,0,0,0,NA,NA,3
"230","Malaysia","Not defined","2018-28",2018-07-09,104,4,100,0,1,0,NA,NA,3
"231","Malaysia","Not defined","2018-29",2018-07-16,103,0,103,0,0,0,NA,NA,0
"232","Malaysia","Not defined","2018-30",2018-07-23,100,5,95,0,1,0,NA,NA,4
"233","Malaysia","Not defined","2018-31",2018-07-30,94,2,92,0,1,0,NA,NA,1
"234","Malaysia","Not defined","2018-32",2018-08-06,99,2,97,0,1,0,NA,NA,1
"235","Malaysia","Not defined","2018-33",2018-08-13,100,6,94,0,0,0,NA,NA,6
"236","Malaysia","Not defined","2018-34",2018-08-20,59,2,57,1,1,0,NA,NA,0
"237","Malaysia","Not defined","2018-35",2018-08-27,68,7,61,2,2,1,NA,NA,2
"238","Malaysia","Not defined","2018-36",2018-09-03,76,4,72,0,1,0,NA,NA,3
"239","Malaysia","Not defined","2018-37",2018-09-10,59,4,55,0,2,0,NA,NA,2
"240","Malaysia","Not defined","2018-38",2018-09-17,82,5,77,0,4,0,NA,NA,1
"241","Malaysia","Not defined","2018-39",2018-09-24,97,6,91,0,3,1,NA,NA,2
"242","Malaysia","Not defined","2018-40",2018-10-01,96,8,88,4,1,0,NA,NA,3
"243","Malaysia","Not defined","2018-41",2018-10-08,105,13,92,0,2,1,NA,NA,10
"244","Malaysia","Not defined","2018-42",2018-10-15,88,9,79,0,5,0,NA,NA,4
"245","Malaysia","Not defined","2018-43",2018-10-22,95,15,80,2,10,0,NA,NA,3
"246","Malaysia","Not defined","2018-44",2018-10-29,81,12,69,0,9,0,NA,NA,3
"247","Malaysia","Not defined","2018-45",2018-11-05,81,8,73,1,3,0,NA,NA,4
"248","Malaysia","Not defined","2018-46",2018-11-12,104,11,93,4,3,1,NA,NA,3
"249","Malaysia","Not defined","2018-47",2018-11-19,68,15,53,1,10,1,NA,NA,3
"250","Malaysia","Not defined","2018-48",2018-11-26,89,17,72,1,6,0,NA,NA,10
"251","Malaysia","Not defined","2018-49",2018-12-03,93,8,85,0,4,0,NA,NA,4
"252","Malaysia","Not defined","2018-50",2018-12-10,71,9,62,2,4,0,NA,NA,3
"253","Malaysia","Not defined","2018-51",2018-12-17,82,18,64,0,7,4,NA,NA,7
"254","Malaysia","Not defined","2018-52",2018-12-24,82,10,72,1,7,0,NA,NA,2
"255","Malaysia","Not defined","2019-01",2018-12-31,117,8,109,1,7,0,NA,NA,0
"256","Malaysia","Not defined","2019-02",2019-01-07,129,15,114,2,8,2,NA,NA,3
"257","Malaysia","Not defined","2019-03",2019-01-14,100,14,86,1,8,3,1,NA,1
"258","Malaysia","Not defined","2019-04",2019-01-21,127,11,116,1,4,1,NA,NA,5
"259","Malaysia","Not defined","2019-05",2019-01-28,111,13,98,2,8,0,1,NA,2
"260","Malaysia","Not defined","2019-06",2019-02-04,77,8,69,3,3,0,NA,NA,2
"261","Malaysia","Not defined","2019-07",2019-02-11,128,17,111,7,2,5,NA,NA,3
"262","Malaysia","Not defined","2019-08",2019-02-18,118,18,100,5,4,1,NA,NA,8
"263","Malaysia","Not defined","2019-09",2019-02-25,123,9,114,2,5,0,NA,NA,2
"264","Malaysia","Not defined","2019-10",2019-03-04,135,20,115,5,7,1,NA,NA,7
"265","Malaysia","Not defined","2019-11",2019-03-11,116,20,96,7,4,0,NA,NA,9
"266","Malaysia","Not defined","2019-12",2019-03-18,124,19,105,0,5,0,NA,NA,14
"267","Malaysia","Not defined","2019-13",2019-03-25,106,4,102,2,0,0,NA,NA,2
"268","Malaysia","Not defined","2019-14",2019-04-01,134,13,121,4,3,0,NA,NA,6
"269","Malaysia","Not defined","2019-15",2019-04-08,134,6,128,1,0,1,NA,NA,4
"270","Malaysia","Not defined","2019-16",2019-04-15,145,20,125,5,3,0,NA,NA,12
"271","Malaysia","Not defined","2019-17",2019-04-22,148,16,132,0,2,2,NA,NA,12
"272","Malaysia","Not defined","2019-18",2019-04-29,131,13,118,5,0,0,NA,NA,8
"273","Malaysia","Not defined","2019-19",2019-05-06,129,21,108,3,2,0,NA,NA,16
"274","Malaysia","Not defined","2019-20",2019-05-13,149,15,134,6,0,0,NA,NA,9
"275","Malaysia","Not defined","2019-21",2019-05-20,126,18,108,8,0,0,NA,NA,10
"276","Malaysia","Not defined","2019-22",2019-05-27,130,18,112,9,0,0,NA,NA,9
"277","Malaysia","Not defined","2019-23",2019-06-03,51,5,46,3,0,0,NA,NA,2
"278","Malaysia","Not defined","2019-24",2019-06-10,125,25,100,4,1,0,NA,NA,20
"279","Malaysia","Not defined","2019-25",2019-06-17,146,45,101,10,1,0,NA,NA,34
"280","Malaysia","Not defined","2019-26",2019-06-24,134,29,105,10,2,0,NA,NA,17
"281","Malaysia","Not defined","2019-27",2019-07-01,141,28,113,7,2,0,1,NA,18
"282","Malaysia","Not defined","2019-28",2019-07-08,146,27,119,4,1,0,NA,NA,22
"283","Malaysia","Not defined","2019-29",2019-07-15,149,30,119,2,1,1,NA,NA,26
"284","Malaysia","Not defined","2019-30",2019-07-22,148,30,118,9,0,2,NA,NA,19
"285","Malaysia","Not defined","2019-31",2019-07-29,149,34,115,7,2,0,1,NA,24
"286","Malaysia","Not defined","2019-32",2019-08-05,146,28,118,5,5,1,1,NA,16
"287","Malaysia","Not defined","2019-33",2019-08-12,139,18,121,2,0,0,NA,NA,16
"288","Malaysia","Not defined","2019-34",2019-08-19,153,29,124,6,3,0,1,NA,19
"289","Malaysia","Not defined","2019-35",2019-08-26,136,28,108,6,0,0,NA,NA,22
"290","Malaysia","Not defined","2019-36",2019-09-02,129,23,106,9,2,0,NA,NA,12
"291","Malaysia","Not defined","2019-37",2019-09-09,130,23,107,10,2,1,NA,NA,10
"292","Malaysia","Not defined","2019-38",2019-09-16,137,19,118,6,2,0,NA,NA,11
"293","Malaysia","Not defined","2019-39",2019-09-23,131,17,114,7,2,2,NA,NA,6
"294","Malaysia","Not defined","2019-40",2019-09-30,130,25,105,8,1,0,NA,NA,16
"295","Malaysia","Not defined","2019-41",2019-10-07,128,15,113,3,5,1,NA,NA,6
"296","Malaysia","Not defined","2019-42",2019-10-14,131,28,103,11,3,5,NA,NA,9
"297","Malaysia","Not defined","2019-43",2019-10-21,134,19,115,5,3,5,NA,NA,6
"298","Malaysia","Not defined","2019-44",2019-10-28,92,24,68,11,2,5,NA,NA,6
"299","Malaysia","Not defined","2019-45",2019-11-04,123,34,89,15,8,7,NA,NA,4
"300","Malaysia","Not defined","2019-46",2019-11-11,139,36,103,11,1,18,NA,NA,6
"301","Malaysia","Not defined","2019-47",2019-11-18,133,27,106,12,0,11,NA,NA,4
"302","Malaysia","Not defined","2019-48",2019-11-25,136,36,100,16,5,9,NA,NA,6
"303","Malaysia","Not defined","2019-49",2019-12-02,129,30,99,8,5,16,NA,NA,1
"304","Malaysia","Not defined","2019-50",2019-12-09,142,47,95,12,3,20,NA,NA,12
"305","Malaysia","Not defined","2019-51",2019-12-16,131,58,73,26,10,14,NA,NA,8
"306","Malaysia","Not defined","2019-52",2019-12-23,126,41,85,19,5,14,NA,NA,3
"307","Malaysia","Not defined","2020-01",2019-12-30,71,29,42,22,1,6,NA,NA,0
"308","Malaysia","Not defined","2020-02",2020-01-06,114,41,73,22,4,8,NA,NA,7
"309","Malaysia","Not defined","2020-03",2020-01-13,110,44,66,23,6,10,NA,NA,5
"310","Malaysia","Not defined","2020-04",2020-01-20,98,33,65,25,4,3,NA,NA,1
"311","Malaysia","Not defined","2020-05",2020-01-27,85,34,51,17,7,4,NA,NA,6
"312","Malaysia","Not defined","2020-06",2020-02-03,102,25,77,10,4,5,NA,NA,6
"313","Malaysia","Not defined","2020-07",2020-02-10,86,15,71,7,4,3,NA,NA,1
"314","Malaysia","Not defined","2020-08",2020-02-17,96,12,84,8,3,1,NA,NA,0
"315","Malaysia","Not defined","2020-09",2020-02-24,96,14,82,7,5,0,NA,NA,2
"316","Malaysia","Not defined","2020-10",2020-03-02,90,14,76,6,7,1,NA,NA,0
"317","Malaysia","Not defined","2020-11",2020-03-09,100,18,82,5,8,0,NA,NA,5
"318","Malaysia","Not defined","2020-12",2020-03-16,83,8,75,2,6,0,NA,NA,0
"319","Malaysia","Not defined","2020-13",2020-03-23,40,3,37,1,2,0,NA,NA,0
"320","Malaysia","Not defined","2020-14",2020-03-30,30,0,30,0,0,0,NA,NA,0
"321","Malaysia","Not defined","2020-15",2020-04-06,29,0,29,0,0,0,NA,NA,0
"322","Malaysia","Not defined","2020-16",2020-04-13,43,0,43,0,0,0,NA,NA,0
"323","Malaysia","Not defined","2020-17",2020-04-20,42,0,42,0,0,0,NA,NA,0
"324","Malaysia","Not defined","2020-18",2020-04-27,36,0,36,0,0,0,NA,NA,0
"325","Malaysia","Not defined","2020-19",2020-05-04,39,0,39,0,0,0,NA,NA,0
"326","Malaysia","Not defined","2020-20",2020-05-11,46,0,46,0,0,0,NA,NA,0
"327","Malaysia","Not defined","2020-21",2020-05-18,34,0,34,0,0,0,NA,NA,0
"328","Malaysia","Not defined","2020-22",2020-05-25,20,0,20,0,0,0,NA,NA,0
"329","Malaysia","Not defined","2020-23",2020-06-01,36,0,36,0,0,0,NA,NA,0
"330","Malaysia","Not defined","2020-24",2020-06-08,34,0,34,0,0,0,NA,NA,0
"331","Malaysia","Not defined","2020-25",2020-06-15,51,0,51,0,0,0,NA,NA,0
"332","Malaysia","Not defined","2020-26",2020-06-22,46,0,46,0,0,0,NA,NA,0
"333","Malaysia","Not defined","2020-27",2020-06-29,43,0,43,0,0,0,NA,NA,0
"334","Malaysia","Not defined","2020-28",2020-07-06,51,0,51,0,0,0,NA,NA,0
"335","Malaysia","Not defined","2020-29",2020-07-13,62,0,62,0,0,0,NA,NA,0
"336","Malaysia","Not defined","2020-30",2020-07-20,65,0,65,0,0,0,NA,NA,0
"337","Malaysia","Not defined","2020-31",2020-07-27,63,0,63,0,0,0,NA,NA,0
"338","Malaysia","Not defined","2020-32",2020-08-03,69,0,69,0,0,0,NA,NA,0
"339","Malaysia","Not defined","2020-33",2020-08-10,71,0,71,0,0,0,NA,NA,0
"340","Malaysia","Not defined","2020-34",2020-08-17,62,1,61,1,0,0,NA,NA,0
"341","Malaysia","Not defined","2020-35",2020-08-24,56,0,56,0,0,0,NA,NA,0
"342","Malaysia","Not defined","2020-36",2020-08-31,67,0,67,0,0,0,NA,NA,0
"343","Malaysia","Not defined","2020-37",2020-09-07,60,0,60,0,0,0,NA,NA,0
"344","Malaysia","Not defined","2020-38",2020-09-14,29,0,29,0,0,0,NA,NA,0
"345","Malaysia","Not defined","2020-39",2020-09-21,72,0,72,0,0,0,NA,NA,0
"346","Malaysia","Not defined","2020-40",2020-09-28,66,0,66,0,0,0,NA,NA,0
"347","Malaysia","Not defined","2020-41",2020-10-05,49,0,49,0,0,0,NA,NA,0
"348","Malaysia","Not defined","2020-42",2020-10-12,53,0,53,0,0,0,NA,NA,0
"349","Malaysia","Not defined","2020-43",2020-10-19,55,0,55,0,0,0,NA,NA,0
"350","Malaysia","Not defined","2020-44",2020-10-26,52,0,52,0,0,0,NA,NA,0
"351","Malaysia","Not defined","2020-45",2020-11-02,58,0,58,0,0,0,NA,NA,0
"352","Malaysia","Not defined","2020-46",2020-11-09,68,0,68,0,0,0,NA,NA,0
"353","Malaysia","Not defined","2020-47",2020-11-16,57,0,57,0,0,0,NA,NA,0
"354","Malaysia","Not defined","2020-48",2020-11-23,59,0,59,0,0,0,NA,NA,0
"355","Malaysia","Not defined","2020-49",2020-11-30,63,0,63,0,0,0,NA,NA,0
"356","Malaysia","Not defined","2020-50",2020-12-07,42,0,42,0,0,0,NA,NA,0
"357","Malaysia","Not defined","2020-51",2020-12-14,61,1,60,0,0,0,NA,NA,1
"358","Malaysia","Not defined","2020-52",2020-12-21,40,0,40,0,0,0,NA,NA,0
"359","Malaysia","Not defined","2020-53",2020-12-28,11,0,11,0,0,0,NA,NA,0
"360","Malaysia","Not defined","2021-01",2021-01-04,45,0,45,0,0,0,NA,NA,0
"361","Malaysia","Not defined","2021-02",2021-01-11,63,0,63,0,0,0,NA,NA,0
"362","Malaysia","Not defined","2021-03",2021-01-18,54,0,54,0,0,0,NA,NA,0
"363","Malaysia","Not defined","2021-04",2021-01-25,51,0,51,0,0,0,NA,NA,0
"364","Malaysia","Not defined","2021-05",2021-02-01,47,0,47,0,0,0,NA,NA,0
"365","Malaysia","Not defined","2021-06",2021-02-08,37,0,37,0,0,0,NA,NA,0
"366","Malaysia","Not defined","2021-07",2021-02-15,46,0,46,0,0,0,NA,NA,0
"367","Malaysia","Not defined","2021-08",2021-02-22,44,0,44,0,0,0,NA,NA,0
"368","Malaysia","Not defined","2021-09",2021-03-01,54,0,54,0,0,0,NA,NA,0
"369","Malaysia","Not defined","2021-10",2021-03-08,47,0,47,0,0,0,NA,NA,0
"370","Malaysia","Not defined","2021-11",2021-03-15,60,0,60,0,0,0,NA,NA,0
"371","Malaysia","Not defined","2021-12",2021-03-22,67,0,67,0,0,0,NA,NA,0
"372","Malaysia","Not defined","2021-13",2021-03-29,81,0,81,0,0,0,NA,NA,0
"373","Malaysia","Not defined","2021-14",2021-04-05,74,0,74,0,0,0,NA,NA,0
"374","Malaysia","Not defined","2021-15",2021-04-12,76,0,76,0,0,0,NA,NA,0
"375","Malaysia","Not defined","2021-16",2021-04-19,83,0,83,0,0,0,NA,NA,0
"376","Malaysia","Not defined","2021-17",2021-04-26,86,0,86,0,0,0,NA,NA,0
"377","Malaysia","Not defined","2021-18",2021-05-03,71,0,71,0,0,0,NA,NA,0
"378","Malaysia","Not defined","2021-19",2021-05-10,36,0,36,0,0,0,NA,NA,0
"379","Malaysia","Not defined","2021-20",2021-05-17,62,0,62,0,0,0,NA,NA,0
"380","Malaysia","Not defined","2021-21",2021-05-24,73,0,73,0,0,0,NA,NA,0
"381","Malaysia","Not defined","2021-22",2021-05-31,49,1,48,0,1,0,NA,NA,0
"382","Malaysia","Not defined","2021-23",2021-06-07,59,0,59,0,0,0,NA,NA,0
"383","Malaysia","Not defined","2021-24",2021-06-14,67,0,67,0,0,0,NA,NA,0
"384","Malaysia","Not defined","2021-25",2021-06-21,49,0,49,0,0,0,NA,NA,0
"385","Malaysia","Not defined","2021-26",2021-06-28,56,0,56,0,0,0,NA,NA,0
"386","Malaysia","Not defined","2021-27",2021-07-05,52,1,51,0,1,0,NA,NA,0
"387","Malaysia","Not defined","2021-28",2021-07-12,46,0,46,0,0,0,NA,NA,0
"388","Malaysia","Not defined","2021-29",2021-07-19,54,0,54,0,0,0,NA,NA,0
"389","Malaysia","Not defined","2021-30",2021-07-26,57,0,57,0,0,0,NA,NA,0
"390","Malaysia","Not defined","2021-31",2021-08-02,44,0,44,0,0,0,NA,NA,0
"391","Malaysia","Not defined","2021-32",2021-08-09,53,0,53,0,0,0,NA,NA,0
"392","Malaysia","Not defined","2021-33",2021-08-16,42,0,42,0,0,0,NA,NA,0
"393","Malaysia","Not defined","2021-34",2021-08-23,44,0,44,0,0,0,NA,NA,0
"394","Malaysia","Not defined","2021-35",2021-08-30,48,0,48,0,0,0,NA,NA,0
"395","Malaysia","Not defined","2021-36",2021-09-06,49,0,49,0,0,0,NA,NA,0
"396","Malaysia","Not defined","2021-37",2021-09-13,45,0,45,0,0,0,NA,NA,0
"397","Malaysia","Not defined","2021-38",2021-09-20,55,0,55,0,0,0,NA,NA,0
"398","Malaysia","Not defined","2021-39",2021-09-27,47,0,47,0,0,0,NA,NA,0
"399","Malaysia","Not defined","2021-40",2021-10-04,58,1,57,0,0,0,NA,NA,1
"400","Malaysia","Not defined","2021-41",2021-10-11,60,1,59,0,1,0,NA,NA,0
"401","Malaysia","Not defined","2021-42",2021-10-18,46,0,46,0,0,0,NA,NA,0
"402","Malaysia","Not defined","2021-43",2021-10-25,55,2,53,0,1,0,NA,NA,1
"403","Malaysia","Not defined","2021-44",2021-11-01,111,0,111,0,0,0,NA,NA,0
"404","Malaysia","Not defined","2021-45",2021-11-08,207,4,203,0,1,1,NA,NA,2
"405","Malaysia","Not defined","2021-46",2021-11-15,256,14,242,0,13,0,NA,NA,1
"406","Malaysia","Not defined","2021-47",2021-11-22,363,39,324,0,37,0,NA,NA,2
"407","Malaysia","Not defined","2021-48",2021-11-29,437,37,400,0,31,2,NA,NA,4
"408","Malaysia","Not defined","2021-49",2021-12-06,500,64,436,0,58,2,NA,NA,4
"409","Malaysia","Not defined","2021-50",2021-12-13,479,31,448,1,27,3,NA,NA,0
"410","Malaysia","Not defined","2021-51",2021-12-20,598,46,552,0,40,6,NA,NA,0
"411","Malaysia","Not defined","2021-52",2021-12-27,549,46,503,0,35,9,NA,NA,2
"412","Malaysia","Not defined","2022-01",2022-01-03,511,79,432,0,58,18,NA,NA,3
"413","Malaysia","Not defined","2022-02",2022-01-10,531,60,471,0,45,8,NA,NA,7
"414","Malaysia","Not defined","2022-03",2022-01-17,500,76,424,0,58,10,NA,NA,8
"415","Malaysia","Not defined","2022-04",2022-01-24,479,43,436,0,37,4,NA,NA,2
"416","Malaysia","Not defined","2022-05",2022-01-31,296,15,281,0,13,1,NA,NA,1
"417","Malaysia","Not defined","2022-06",2022-02-07,386,12,374,0,12,0,NA,NA,0
"418","Malaysia","Not defined","2022-07",2022-02-14,308,39,269,0,37,1,NA,NA,1
"419","Malaysia","Not defined","2022-08",2022-02-21,296,11,285,0,10,1,NA,NA,0
"420","Malaysia","Not defined","2022-09",2022-02-28,228,8,220,0,8,0,NA,NA,0
"421","Malaysia","Not defined","2022-10",2022-03-07,265,11,254,0,8,3,NA,NA,0
"422","Malaysia","Not defined","2022-11",2022-03-14,300,9,291,0,6,1,NA,NA,2
"423","Malaysia","Not defined","2022-12",2022-03-21,303,13,290,0,11,2,NA,NA,0
"424","Malaysia","Not defined","2022-13",2022-03-28,311,7,304,0,4,0,NA,NA,3
"425","Malaysia","Not defined","2022-14",2022-04-04,410,12,398,0,11,1,NA,NA,0
"426","Malaysia","Not defined","2022-15",2022-04-11,506,13,493,0,10,0,NA,NA,3
"427","Malaysia","Not defined","2022-16",2022-04-18,479,18,461,0,17,1,NA,NA,0
"428","Malaysia","Not defined","2022-17",2022-04-25,501,15,486,0,10,3,NA,NA,2
"429","Malaysia","Not defined","2022-18",2022-05-02,180,5,175,0,3,1,NA,NA,1
"430","Malaysia","Not defined","2022-19",2022-05-09,559,24,535,0,24,0,NA,NA,0
"431","Malaysia","Not defined","2022-20",2022-05-16,525,35,490,0,32,0,NA,NA,3
"432","Malaysia","Not defined","2022-21",2022-05-23,548,40,508,0,34,3,NA,NA,3
"433","Malaysia","Not defined","2022-22",2022-05-30,461,66,395,0,61,0,NA,NA,5
"434","Malaysia","Not defined","2022-23",2022-06-06,396,62,334,0,58,1,NA,NA,3
"435","Malaysia","Not defined","2022-24",2022-06-13,682,120,562,0,112,0,NA,NA,8
"436","Malaysia","Not defined","2022-25",2022-06-20,638,210,428,0,207,0,NA,NA,3
"437","Malaysia","Not defined","2022-26",2022-06-27,632,208,424,0,204,1,NA,NA,3
"438","Malaysia","Not defined","2022-27",2022-07-04,695,246,449,0,245,0,NA,NA,1
"439","Malaysia","Not defined","2022-28",2022-07-11,675,228,447,0,223,3,NA,NA,2
"440","Malaysia","Not defined","2022-29",2022-07-18,788,294,494,0,289,2,NA,NA,3
"441","Malaysia","Not defined","2022-30",2022-07-25,786,272,514,0,267,1,NA,NA,4
"442","Malaysia","Not defined","2022-31",2022-08-01,826,227,599,1,213,5,NA,NA,8
"443","Malaysia","Not defined","2022-32",2022-08-08,843,216,627,1,205,3,NA,NA,7
"444","Malaysia","Not defined","2022-33",2022-08-15,786,202,584,0,194,3,NA,NA,5
"445","Malaysia","Not defined","2022-34",2022-08-22,821,148,673,0,141,4,NA,NA,3
"446","Malaysia","Not defined","2022-35",2022-08-29,727,120,607,0,106,7,NA,NA,7
"447","Malaysia","Not defined","2022-36",2022-09-05,806,115,691,1,103,5,NA,NA,6
"448","Malaysia","Not defined","2022-37",2022-09-12,782,83,699,2,73,1,NA,NA,7
"449","Malaysia","Not defined","2022-38",2022-09-19,792,83,709,3,63,1,NA,NA,16
"450","Malaysia","Not defined","2022-39",2022-09-26,807,70,737,5,49,1,NA,NA,15
"451","Malaysia","Not defined","2022-40",2022-10-03,790,58,732,4,26,2,NA,NA,26
"452","Malaysia","Not defined","2022-41",2022-10-10,760,43,717,6,11,5,NA,NA,21
"453","Malaysia","Not defined","2022-42",2022-10-17,797,50,747,4,23,0,NA,NA,23
"454","Malaysia","Not defined","2022-43",2022-10-24,773,59,714,7,15,0,NA,NA,37
"455","Malaysia","Not defined","2022-44",2022-10-31,832,71,761,5,16,0,NA,NA,50
"456","Malaysia","Not defined","2022-45",2022-11-07,866,104,762,2,25,0,NA,NA,77
"457","Malaysia","Not defined","2022-46",2022-11-14,833,137,696,2,19,0,NA,NA,116
"458","Malaysia","Not defined","2022-47",2022-11-21,844,124,720,1,12,0,NA,NA,111
"459","Malaysia","Not defined","2022-48",2022-11-28,815,146,669,1,6,0,NA,NA,139
"460","Malaysia","Not defined","2022-49",2022-12-05,855,187,668,5,19,0,NA,NA,163
"461","Malaysia","Not defined","2022-50",2022-12-12,831,187,644,6,9,0,NA,NA,172
"462","Malaysia","Not defined","2022-51",2022-12-19,795,190,605,7,11,0,NA,NA,172
"463","Malaysia","Not defined","2022-52",2022-12-26,754,213,541,5,7,0,NA,NA,201
"464","Malaysia","Not defined","2023-01",2023-01-02,877,283,594,11,12,0,NA,NA,260
"465","Malaysia","Not defined","2023-02",2023-01-09,855,265,590,5,8,0,NA,NA,252
"466","Malaysia","Not defined","2023-03",2023-01-16,848,312,536,8,17,0,NA,NA,287
"467","Malaysia","Not defined","2023-04",2023-01-23,760,219,541,12,5,0,NA,NA,202
"468","Malaysia","Not defined","2023-05",2023-01-30,840,253,587,6,12,0,NA,NA,235
"469","Malaysia","Not defined","2023-06",2023-02-06,915,269,646,15,7,0,NA,NA,247
"470","Malaysia","Not defined","2023-07",2023-02-13,856,219,637,10,7,0,NA,NA,202
"471","Malaysia","Not defined","2023-08",2023-02-20,954,236,718,32,8,0,NA,NA,196
"472","Malaysia","Not defined","2023-09",2023-02-27,830,145,685,21,10,0,NA,NA,114
"473","Malaysia","Not defined","2023-10",2023-03-06,855,139,716,23,13,1,NA,NA,102
"474","Malaysia","Not defined","2023-11",2023-03-13,861,153,708,26,21,0,NA,NA,106
"475","Malaysia","Not defined","2023-12",2023-03-20,856,134,722,38,23,0,NA,NA,73
"476","Malaysia","Not defined","2023-13",2023-03-27,893,134,759,36,32,0,NA,NA,66
"477","Malaysia","Not defined","2023-14",2023-04-03,900,119,781,45,38,0,NA,NA,36
"478","Malaysia","Not defined","2023-15",2023-04-10,877,99,778,33,29,0,NA,NA,37
"479","Malaysia","Not defined","2023-16",2023-04-17,857,78,779,31,20,0,NA,NA,27
"480","Malaysia","Not defined","2023-17",2023-04-24,703,79,624,23,39,1,NA,NA,16
"481","Malaysia","Not defined","2023-18",2023-05-01,834,76,758,44,27,0,NA,NA,5
"482","Malaysia","Not defined","2023-19",2023-05-08,939,83,856,36,36,0,NA,NA,11
"483","Malaysia","Not defined","2023-20",2023-05-15,889,93,796,41,38,0,NA,NA,14
"484","Malaysia","Not defined","2023-21",2023-05-22,940,110,830,66,41,1,NA,NA,2
"485","Malaysia","Not defined","2023-22",2023-05-29,828,120,708,68,48,2,NA,NA,2
"486","Malaysia","Not defined","2023-23",2023-06-05,893,116,777,69,45,0,NA,NA,2
"487","Malaysia","Not defined","2023-24",2023-06-12,939,111,828,64,44,0,NA,NA,3
"488","Malaysia","Not defined","2023-25",2023-06-19,904,159,745,86,72,1,NA,NA,0
"489","Malaysia","Not defined","2023-26",2023-06-26,839,141,698,79,60,0,NA,NA,2
"490","Malaysia","Not defined","2023-27",2023-07-03,926,165,761,94,68,0,NA,NA,3
"491","Malaysia","Not defined","2023-28",2023-07-10,938,167,771,113,50,1,NA,NA,3
"492","Malaysia","Not defined","2023-29",2023-07-17,904,195,709,135,58,0,NA,NA,2
"493","Malaysia","Not defined","2023-30",2023-07-24,922,184,738,124,57,0,NA,NA,3
"494","Malaysia","Not defined","2023-31",2023-07-31,920,193,727,113,78,0,NA,NA,2
"495","Malaysia","Not defined","2023-32",2023-08-07,905,215,690,136,72,0,NA,NA,7
"496","Malaysia","Not defined","2023-33",2023-08-14,915,206,709,135,69,0,NA,NA,2
"497","Malaysia","Not defined","2023-34",2023-08-21,932,238,694,180,55,0,NA,NA,3
"498","Malaysia","Not defined","2023-35",2023-08-28,871,175,696,123,49,0,NA,NA,3
"499","Malaysia","Not defined","2023-36",2023-09-04,922,173,749,112,59,0,NA,NA,2
"500","Malaysia","Not defined","2023-37",2023-09-11,917,164,753,113,49,0,NA,NA,2
"501","Malaysia","Not defined","2023-38",2023-09-18,921,171,750,108,58,0,NA,NA,5
"502","Malaysia","Not defined","2023-39",2023-09-25,894,136,758,78,53,0,NA,NA,5
"503","Malaysia","Not defined","2023-40",2023-10-02,930,120,810,68,43,0,NA,NA,9
"504","Malaysia","Not defined","2023-41",2023-10-09,932,112,820,67,41,0,NA,NA,4
"505","Malaysia","Not defined","2023-42",2023-10-16,914,98,816,49,48,0,NA,NA,1
"506","Malaysia","Not defined","2023-43",2023-10-23,933,100,833,67,29,0,NA,NA,4
"507","Malaysia","Not defined","2023-44",2023-10-30,919,98,821,54,43,0,NA,NA,1
"508","Malaysia","Not defined","2023-45",2023-11-06,906,96,810,48,44,0,NA,NA,4
"509","Malaysia","Not defined","2023-46",2023-11-13,904,88,816,41,43,0,NA,NA,4
"510","Malaysia","Not defined","2023-47",2023-11-20,916,95,821,32,54,0,NA,NA,9
"511","Malaysia","Not defined","2023-48",2023-11-27,919,100,819,34,60,0,NA,NA,6
"512","Malaysia","Not defined","2023-49",2023-12-04,922,107,815,32,58,0,NA,NA,17
"513","Malaysia","Not defined","2023-50",2023-12-11,895,105,790,39,54,0,NA,NA,12
"514","Malaysia","Not defined","2023-51",2023-12-18,890,80,810,13,51,0,NA,NA,16
"515","Malaysia","Not defined","2023-52",2023-12-25,846,54,792,7,33,1,NA,NA,13
"516","Malaysia","Sentinel","2024-01",2024-01-01,874,59,815,9,44,0,NA,NA,6
"517","Malaysia","Sentinel","2024-02",2024-01-08,919,85,834,20,49,0,NA,NA,16
"518","Malaysia","Sentinel","2024-03",2024-01-15,907,101,806,16,66,0,NA,NA,19
"519","Malaysia","Sentinel","2024-04",2024-01-22,902,94,808,12,60,0,NA,NA,22
"520","Malaysia","Sentinel","2024-05",2024-01-29,908,109,799,24,59,0,NA,NA,26
"521","Malaysia","Sentinel","2024-06",2024-02-05,874,101,773,13,66,0,NA,NA,22
"522","Malaysia","Sentinel","2024-07",2024-02-12,877,125,752,22,71,0,NA,NA,32
"523","Malaysia","Sentinel","2024-08",2024-02-19,897,94,803,14,43,0,NA,NA,37
"524","Malaysia","Sentinel","2024-09",2024-02-26,908,94,814,12,48,0,NA,NA,34
"525","Malaysia","Sentinel","2024-10",2024-03-04,878,99,779,17,47,0,NA,NA,35
"526","Malaysia","Sentinel","2024-11",2024-03-11,888,113,775,9,63,0,NA,NA,41
"527","Malaysia","Sentinel","2024-12",2024-03-18,928,122,806,19,44,0,NA,NA,59
"528","Malaysia","Sentinel","2024-13",2024-03-25,886,86,800,12,32,0,NA,NA,42
"529","Malaysia","Sentinel","2024-14",2024-04-01,924,63,861,13,27,0,NA,NA,23
"530","Malaysia","Sentinel","2024-15",2024-04-08,614,40,574,9,12,0,NA,NA,19
"531","Malaysia","Sentinel","2024-16",2024-04-15,922,100,822,11,50,0,NA,NA,39
"532","Malaysia","Sentinel","2024-17",2024-04-22,892,108,784,23,50,0,NA,NA,35
"533","Malaysia","Sentinel","2024-18",2024-04-29,887,103,784,13,51,0,NA,NA,39
"534","Malaysia","Sentinel","2024-19",2024-05-06,912,132,780,25,53,0,NA,NA,54
"535","Malaysia","Sentinel","2024-20",2024-05-13,912,136,776,33,40,0,NA,NA,63
"536","Malaysia","Sentinel","2024-21",2024-05-20,838,162,676,37,77,0,NA,NA,48
"537","Malaysia","Sentinel","2024-22",2024-05-27,879,193,686,41,99,0,NA,NA,53
"538","Malaysia","Sentinel","2024-23",2024-06-03,878,170,708,33,73,0,NA,NA,64
"539","Malaysia","Sentinel","2024-24",2024-06-10,903,174,729,40,87,0,NA,NA,47
"540","Malaysia","Sentinel","2024-25",2024-06-17,825,152,673,43,64,0,NA,NA,45
"541","Malaysia","Sentinel","2024-26",2024-06-24,899,165,734,46,72,0,NA,NA,47
"542","Malaysia","Sentinel","2024-27",2024-07-01,928,224,704,65,94,0,NA,NA,65
"543","Malaysia","Sentinel","2024-28",2024-07-08,922,184,738,55,72,0,NA,NA,57
"544","Malaysia","Sentinel","2024-29",2024-07-15,928,216,712,52,85,0,NA,NA,79
"545","Malaysia","Sentinel","2024-30",2024-07-22,933,237,696,53,96,0,NA,NA,88
"546","Malaysia","Sentinel","2024-31",2024-07-29,924,219,705,66,81,0,NA,NA,72
"547","Malaysia","Sentinel","2024-32",2024-08-05,922,176,746,59,72,0,NA,NA,45
"548","Malaysia","Sentinel","2024-33",2024-08-12,937,201,736,37,72,0,NA,NA,92
"549","Malaysia","Sentinel","2024-34",2024-08-19,928,194,734,43,72,0,NA,NA,79
"550","Malaysia","Sentinel","2024-35",2024-08-26,930,181,749,40,59,0,NA,NA,82
"551","Malaysia","Sentinel","2024-36",2024-09-02,930,201,729,62,49,0,NA,NA,90
"552","Malaysia","Sentinel","2024-37",2024-09-09,927,196,731,54,46,0,NA,NA,96
"553","Malaysia","Sentinel","2024-38",2024-09-16,884,195,689,55,48,0,NA,NA,92
"554","Malaysia","Sentinel","2024-39",2024-09-23,924,186,738,36,51,0,NA,NA,99
"555","Malaysia","Sentinel","2024-40",2024-09-30,927,154,773,54,26,0,NA,NA,74
"556","Malaysia","Sentinel","2024-41",2024-10-07,930,172,758,52,38,0,NA,NA,82
"557","Malaysia","Sentinel","2024-42",2024-10-14,928,171,757,45,43,0,NA,NA,83
"558","Malaysia","Sentinel","2024-43",2024-10-21,931,168,763,62,34,0,NA,NA,72
"559","Malaysia","Sentinel","2024-44",2024-10-28,889,126,763,41,17,0,NA,NA,68
"560","Malaysia","Sentinel","2024-45",2024-11-04,950,157,793,62,19,0,NA,NA,76
"561","Malaysia","Sentinel","2024-46",2024-11-11,931,124,807,46,19,0,NA,NA,59
"562","Malaysia","Sentinel","2024-47",2024-11-18,935,134,801,49,18,0,NA,NA,67
"563","Malaysia","Sentinel","2024-48",2024-11-25,905,161,744,59,21,0,NA,NA,81
"564","Malaysia","Sentinel","2024-49",2024-12-02,902,158,744,72,23,0,NA,NA,63
"565","Malaysia","Sentinel","2024-50",2024-12-09,932,165,767,80,23,0,NA,NA,62
"566","Malaysia","Sentinel","2024-51",2024-12-16,922,159,763,84,14,0,NA,NA,61
"567","Malaysia","Sentinel","2024-52",2024-12-23,848,127,721,58,12,0,NA,NA,57
